VDS_V,ID_L1um_uA,ID_L2um_uA,ID_L5um_uA,ID_L10um_uA,ID_L20um_uA
0.6,154.6158777,162.924149,167.9381978,169.7399019,170.6619047
0.61,154.7248472,163.0001422,167.9894641,169.7816466,170.6981585
0.62,154.829092,163.0724465,168.0378616,169.8208126,170.7319671
0.63,154.9289744,163.1413831,168.0836759,169.8576724,170.7635966
0.64,155.024819,163.2072365,168.1271572,169.8924637,170.7932788
0.65,155.1169174,163.27026,168.1685257,169.9253947,170.821216
0.66,155.2055327,163.330679,168.2079754,169.9566482,170.8475858
0.67,155.2909026,163.3886954,168.2456783,169.9863852,170.8725439
0.68,155.3732427,163.4444901,168.2817867,170.0147479,170.8962276
0.69,155.452749,163.498226,168.3164363,170.0418621,170.9187581
0.7,155.5296001,163.55005,168.3497482,170.0678396,170.9402428
0.71,155.6039591,163.600095,168.3818307,170.0927798,170.9607769
0.72,155.6759755,163.6484813,168.4127808,170.1167716,170.9804453
0.73,155.7457864,163.6953186,168.4426859,170.1398942,170.9993237
0.74,155.8135181,163.7407066,168.4716248,170.162219,171.0174798
0.75,155.8792866,163.7847363,168.4996684,170.1838097,171.034974
0.76,155.9431993,163.8274912,168.5268813,170.2047241,171.051861
0.77,156.0053556,163.8690478,168.5533217,170.2250141,171.0681896
0.78,156.0658475,163.9094762,168.5790429,170.2447268,171.0840041
0.79,156.1247604,163.9488411,168.6040931,170.2639046,171.0993444
0.8,156.1821737,163.9872023,168.6285166,170.2825863,171.1142465
0.81,156.2381614,164.0246147,168.6523537,170.300807,171.1287432
0.82,156.2927925,164.0611296,168.6756414,170.3185988,171.1428644
0.83,156.3461314,164.096794,168.6984137,170.335991,171.156637
0.84,156.3982383,164.1316521,168.7207018,170.3530102,171.1700859
0.85,156.4491696,164.1657445,168.7425344,170.3696809,171.1832334
0.86,156.4989784,164.1991093,168.7639381,170.3860257,171.1961002
0.87,156.5477141,164.231782,168.7849375,170.4020651,171.2087052
0.88,156.5954236,164.2637958,168.805555,170.4178182,171.2210658
0.89,156.6421507,164.2951815,168.8258118,170.4333023,171.2331977
0.9,156.6879367,164.3259681,168.8457272,170.4485338,171.2451156
0.91,156.7328207,164.3561829,168.8653195,170.4635274,171.2568331
0.92,156.7768394,164.3858513,168.8846054,170.4782969,171.2683624
0.93,156.8200276,164.4149974,168.9036006,170.4928552,171.2797151
0.94,156.8624183,164.4436436,168.9223197,170.5072141,171.2909018
0.95,156.9040425,164.4718111,168.9407764,170.5213845,171.3019323
0.96,156.9449296,164.49952,168.9589834,170.5353768,171.3128157
0.97,156.9851077,164.5267891,168.9769527,170.5492005,171.3235604
0.98,157.0246031,164.5536362,168.9946954,170.5628643,171.3341743
0.99,157.0634412,164.5800782,169.0122221,170.5763767,171.3446647
1,157.1016458,164.606131,169.0295426,170.5897452,171.3550382
1.01,157.1392396,164.6318096,169.046666,170.6029772,171.3653014
1.02,157.1762443,164.6571284,169.0636012,170.6160795,171.37546
1.03,157.2126804,164.6821009,169.0803563,170.6290582,171.3855195
1.04,157.2485677,164.7067399,169.0969391,170.6419194,171.3954851
1.05,157.2839248,164.7310577,169.1133567,170.6546686,171.4053616
1.06,157.3187697,164.7550659,169.1296161,170.6673111,171.4151536
1.07,157.3531192,164.7787755,169.1457238,170.6798518,171.4248651
1.08,157.3869899,164.8021971,169.1616859,170.6922952,171.4345003
1.09,157.4203971,164.8253405,169.1775082,170.7046459,171.4440627
1.1,157.4533558,164.8482155,169.1931962,170.7169077,171.4535559
1.11,157.4858803,164.870831,169.2087552,170.7290847,171.4629831
1.12,157.5179841,164.8931958,169.22419,170.7411805,171.4723475
1.13,157.5496804,164.9153181,169.2395053,170.7531985,171.4816519
1.14,157.5809816,164.9372059,169.2547056,170.765142,171.4908991
1.15,157.6118998,164.9588667,169.2697952,170.777014,171.5000916
1.16,157.6424465,164.9803078,169.2847781,170.7888175,171.5092319
1.17,157.6726327,165.0015362,169.299658,170.8005553,171.5183223
1.18,157.702469,165.0225583,169.3144387,170.8122299,171.527365
1.19,157.7319657,165.0433807,169.3291235,170.8238439,171.5363619
1.2,157.7611325,165.0640094,169.3437159,170.8353996,171.5453151
1.21,157.7899787,165.0844502,169.358219,170.8468992,171.5542264
1.22,157.8185136,165.1047088,169.3726358,170.8583449,171.5630975
1.23,157.8467458,165.1247905,169.3869692,170.8697388,171.5719301
1.24,157.8746836,165.1447005,169.4012219,170.8810826,171.5807257
1.25,157.9023353,165.1644438,169.4153965,170.8923783,171.5894859
1.26,157.9297084,165.1840251,169.4294957,170.9036276,171.5982119
1.27,157.9568106,165.203449,169.4435217,170.9148321,171.6069053
1.28,157.983649,165.2227199,169.4574769,170.9259935,171.6155671
1.29,158.0102307,165.2418421,169.4713635,170.9371133,171.6241988
1.3,158.0365623,165.2608197,169.4851836,170.9481929,171.6328013
1.31,158.0626503,165.2796566,169.4989393,170.9592336,171.6413759
1.32,158.088501,165.2983566,169.5126325,170.9702369,171.6499234
1.33,158.1141205,165.3169234,169.526265,170.9812038,171.6584451
1.34,158.1395146,165.3353604,169.5398387,170.9921358,171.6669417
1.35,158.1646889,165.3536711,169.5533553,171.0030339,171.6754142
1.36,158.1896489,165.3718588,169.5668164,171.0138991,171.6838635
1.37,158.2143998,165.3899266,169.5802236,171.0247327,171.6922903
1.38,158.2389468,165.4078776,169.5935784,171.0355355,171.7006955
1.39,158.2632948,165.4257148,169.6068824,171.0463086,171.7090799
1.4,158.2874486,165.4434409,169.620137,171.0570528,171.717444
1.41,158.3114128,165.4610588,169.6333434,171.0677691,171.7257888
1.42,158.3351918,165.4785711,169.6465031,171.0784583,171.7341147
1.43,158.3587901,165.4959803,169.6596172,171.0891213,171.7424224
1.44,158.3822117,165.5132891,169.6726871,171.0997588,171.7507125
1.45,158.4054609,165.5304998,169.6857138,171.1103716,171.7589857
1.46,158.4285415,165.5476146,169.6986986,171.1209604,171.7672423
1.47,158.4514573,165.564636,169.7116425,171.131526,171.7754831
1.48,158.474212,165.5815661,169.7245466,171.1420689,171.7837085
1.49,158.4968093,165.5984069,169.7374118,171.1525899,171.791919
1.5,158.5192527,165.6151606,169.7502392,171.1630895,171.800115
1.51,158.5415455,165.6318292,169.7630298,171.1735684,171.808297
1.52,158.563691,165.6484145,169.7757844,171.1840271,171.8164654
1.53,158.5856925,165.6649185,169.7885039,171.1944662,171.8246207
1.54,158.6075529,165.6813429,169.8011893,171.2048863,171.8327633
1.55,158.6292754,165.6976896,169.8138413,171.2152878,171.8408935
1.56,158.6508629,165.7139602,169.8264607,171.2256713,171.8490116
1.57,158.6723181,165.7301564,169.8390483,171.2360372,171.8571182
1.58,158.693644,165.7462798,169.8516049,171.246386,171.8652134
1.59,158.7148431,165.762332,169.8641312,171.2567182,171.8732977
1.6,158.735918,165.7783145,169.876628,171.2670341,171.8813713
1.61,158.7568714,165.7942288,169.8890958,171.2773342,171.8894346
1.62,158.7777058,165.8100763,169.9015354,171.287619,171.8974879
1.63,158.7984234,165.8258584,169.9139474,171.2978888,171.9055313
1.64,158.8190267,165.8415765,169.9263324,171.3081439,171.9135653
1.65,158.8395179,165.8572319,169.9386911,171.3183848,171.92159
1.66,158.8598993,165.8728258,169.951024,171.3286117,171.9296058
1.67,158.8801731,165.8883596,169.9633318,171.3388252,171.9376128
1.68,158.9003414,165.9038345,169.9756148,171.3490254,171.9456114
1.69,158.9204061,165.9192516,169.9878738,171.3592127,171.9536017
1.7,158.9403695,165.9346121,170.0001093,171.3693874,171.9615839
1.71,158.9602333,165.9499171,170.0123216,171.3795498,171.9695584
1.72,158.9799996,165.9651678,170.0245114,171.3897002,171.9775252
1.73,158.9996702,165.9803653,170.0366792,171.399839,171.9854846
1.74,159.019247,165.9955104,170.0488253,171.4099662,171.9934368
1.75,159.0387317,166.0106044,170.0609503,171.4200824,172.0013819
1.76,159.0581261,166.0256482,170.0730546,171.4301876,172.0093202
1.77,159.0774319,166.0406428,170.0851386,171.4402822,172.0172518
1.78,159.0966507,166.055589,170.0972028,171.4503664,172.025177
1.79,159.1157843,166.070488,170.1092476,171.4604404,172.0330957
1.8,159.1348343,166.0853406,170.1212733,171.4705046,172.0410084
1.81,159.1538022,166.1001477,170.1332805,171.480559,172.048915
1.82,159.1726895,166.1149101,170.1452695,171.490604,172.0568157
1.83,159.1914979,166.1296288,170.1572406,171.5006397,172.0647108
1.84,159.2102287,166.1443046,170.1691942,171.5106663,172.0726002
1.85,159.2288836,166.1589384,170.1811308,171.5206842,172.0804843
1.86,159.2474639,166.1735309,170.1930506,171.5306934,172.088363
1.87,159.2659711,166.188083,170.2049541,171.5406942,172.0962366
1.88,159.2844066,166.2025955,170.2168415,171.5506868,172.1041052
1.89,159.3027718,166.2170692,170.2287133,171.5606714,172.1119688
1.9,159.3210681,166.2315049,170.2405697,171.5706481,172.1198277
1.91,159.3392969,166.2459033,170.2524111,171.5806172,172.127682
1.92,159.3574595,166.2602652,170.2642378,171.5905788,172.1355317
1.93,159.3755573,166.2745914,170.2760502,171.6005331,172.1433771
1.94,159.3935916,166.2888826,170.2878486,171.6104803,172.1512181
1.95,159.4115639,166.3031397,170.2996334,171.6204206,172.159055
1.96,159.4294754,166.3173633,170.3114047,171.6303542,172.1668878
1.97,159.4473274,166.3315542,170.323163,171.6402812,172.1747166
1.98,159.4651214,166.3457132,170.3349087,171.6502018,172.1825416
1.99,159.4828587,166.359841,170.3466419,171.6601162,172.1903629
2,159.5005406,166.3739384,170.358363,171.6700245,172.1981806
